Open,High,Low,Close,Volume,Class
325.25,332.83,324.97,663.59,7380500,T
331.27,333.87,329.08,666.45,5749400,G
329.83,330.75,326.89,657.21,6590300,G
328.34,328.77,323.68,648.24,5405900,G
322.04,322.29,309.46,620.76,11688800,G
313.7,315.72,307.3,621.43,8824000,G
310.59,313.52,309.4,624.25,4817800,T
314.43,315.26,312.08,627.92,3764400,G
311.96,312.3,309.37,623.28,4631800,T
314.81,314.81,311.67,626.86,3832800,G
312.14,315.82,309.9,631.18,5544000,T
319.3,319.3,314.55,637.82,12657800,G
294.16,294.4,289.76,584.39,21231800,G
291.91,293.23,290.49,583.92,6851300,T
292.07,292.74,287.92,579.34,6134400,G
287.68,288.27,282.13,567.93,10012700,G
284.92,286.17,281.22,566.54,6476500,G
284.32,289.08,283.6,578.39,7262000,T
287.95,288.92,285.63,576.11,4678400,T
290.41,290.91,286.5,578.52,4300700,T
291.38,291.66,288.49,579.24,4658700,G
291.34,292.11,289.95,583.51,4847400,T
294.23,297.42,292.93,594.7,6360700,T
296.39,304.27,295.9,607.42,7386700,T
302.44,303.56,300.75,605.11,4199700,T
303.18,304.53,301.24,608.18,3686400,T
304.87,306.1,303.36,609.79,4546300,G
302.81,302.93,300.87,604.25,4667700,T
304.11,305.77,303.87,610.52,3646100,T
304.63,304.86,301.25,608.09,3620900,T
305.32,305.32,300.15,603.9,4869900,G
300.28,303.27,297.75,604.86,5080700,T
301.36,302.68,300.08,602.98,4916400,G
300.81,307.79,300.31,612.32,4980100,T
304.84,307.24,302.22,606.28,3948700,G
302.37,302.83,299.05,604.45,4125300,T
302.54,304.68,301.62,608.23,3885600,G
302.16,305.04,301.4,607.64,3641300,T
303.86,308.73,302.71,616.7,5716400,T
308.14,311.63,306.6,616.56,6297200,T
309.97,311.68,307.92,620.7,4492000,G
309.84,310.83,309,619.55,3158300,G
309.06,310.08,304.55,612.57,3198400,G
302.89,303.27,295.81,603.3,6372500,T
303.39,304.45,301.8,605.14,2538400,T
303.88,304.61,302.04,605.48,2700900,G
302.84,304.81,298.88,598.61,5361100,G
298.88,302.37,298.51,603.49,3350400,T
303.24,307.77,301.64,616.09,4508300,T
306.35,310.23,305.58,614.3,5895700,T
307.15,310.59,306.27,619.43,4888300,T
309.29,311.79,308.87,623.33,6123800,T
310.4,317.45,309.46,632.24,4361800,T
314.28,316.84,312.46,631.76,3092400,T
316.12,322.49,315.07,638.23,4957600,T
318.06,323.19,314.32,644.28,4838400,T
322.09,323.04,319.25,640.83,3894800,G
321.3,323.53,318.58,647.55,3651900,T
322.31,325.53,321.2,645.25,4029400,T
324.8,328.07,324.32,653.96,5096700,T
325.5,327.07,320.95,646.63,3862900,G
324.66,325.52,319.3,639.48,4638700,G
319.19,322.54,316.23,645.15,4585400,T
321.5,322.77,318.13,640.86,4105000,G
318.03,318.31,314.37,633.41,3267300,G
314.94,317.03,313.11,630.59,4654700,G
313.07,316.48,311.48,629.11,4381600,T
315.58,316.07,311.11,625.14,4982500,T
315.8,316.81,314.47,634.22,4414300,T
319.98,325.35,318.93,649.23,11556300,T
322.57,323.28,310.61,622.89,16379700,G
310.34,310.74,299.71,604.41,11426700,G
303.14,307.69,302.37,607.9,6070400,G
302.89,305.26,300.28,605.79,5358900,G
301.71,306.98,298.38,597.66,6613800,G
301,303.29,296.8,594.43,6139700,G
295.34,298.11,294,595.96,4411900,T
298,302.18,297.54,599.62,3872600,T
300.87,304.53,300.31,608.05,3655800,T
304.31,307.85,303.71,613.78,4200600,T
306.36,307.22,304.16,613.3,3284900,G
305.35,306.89,299.18,603.19,4832600,G
300.77,304.66,298.97,602.78,4019600,G
299.48,302.92,299.18,605.6,3235000,T
303.67,306.27,303.34,609.35,3749900,G
301.83,302.81,297.29,595.34,4431300,G
296.39,304.14,296.39,605.89,4003800,T
301.63,307.3,299.23,611.11,5374600,T
302.28,307.04,299.78,607.48,4675000,T
305.34,306.94,303.98,611.98,3083200,G
304.04,306.13,301.26,603.57,4214400,G
299.27,303.11,299.17,602.35,3662400,T
301.54,306.35,300.75,609.44,4219900,T
307.83,313.87,306.82,627.21,9706300,T
315.73,317.73,309.46,621.34,6732700,G
311.38,315.03,297.24,598.76,11991700,G
299.13,306.7,298.88,612.43,6173800,T
305.57,305.76,296.89,599.16,6126600,G
299.7,303.66,297.45,607.79,6379900,T
303.44,304.82,298.32,602.01,3796600,G
299.38,299.74,293.04,589.91,7190500,G
296.79,298.45,293.06,592.71,5230900,G
292.98,294.84,290.68,586.62,3827600,T
293.26,293.9,288.42,579.27,5958800,G
284.83,285.26,283.11,569.42,6138700,G
284.05,289.16,283.94,577.01,4883500,T
286.65,287.99,282.18,568.85,4697200,T
287.16,289.9,285.73,578.98,4207200,T
292.7,292.85,287.55,576.65,3530100,G
286.85,289.42,286.22,578.86,2831300,T
291.01,291.57,282.29,566.94,5342100,G
283.82,284.09,278.25,563.55,6472500,G
279.81,282.44,278.3,559.55,3923000,G
279.6,281.48,277.22,557.52,4707200,G
279.12,281.21,277.5,562.96,6024800,T
280.26,286.03,278.58,569.29,5012400,T
285.72,291.05,285.49,579.94,4167900,T
288.82,288.92,285.68,575.93,4710800,T
288.84,288.84,280.81,563.66,4037600,G
282.94,284.67,281.85,569.92,4472400,G
282.61,282.98,277.63,559.16,3174900,G
280.33,282.24,278.7,563.13,2710500,T
282.79,285.92,281.95,567.74,3397200,G
281.89,282.06,277.56,562.76,3856100,T
286.41,288.98,285.03,578.48,5057800,T
289.82,290.41,287.17,578.88,3323300,G
288.92,293.11,287.92,586.22,2387800,T
293.28,298.91,293.17,594.29,4709200,T
295.12,295.65,290.32,584.38,4339700,G
291.38,293.2,289.54,584.41,3443000,T
293.99,295.11,288.29,580.11,3860500,G
287.07,287.85,281.42,569.63,7024700,G
282.5,284.9,280,568.92,4636800,T
285.01,288.49,283.21,574.94,3966700,T
287.11,288.51,284.82,573.35,2936100,T
288.14,289.25,283.14,575.15,3372700,G
287.41,290.76,286.99,579.17,3107900,T
291.98,298.12,291.91,591.44,9384300,T
303.24,305.33,297.97,609.15,12975800,G
299.12,308.02,298.01,613.82,7150000,T
306.35,307.81,301.04,605.91,4033800,G
303.02,305.54,301.55,606.33,3659600,T
306.35,307.28,303.88,611.68,3382900,T
308.29,316.31,307.6,633.22,7125900,T
316.84,320.1,313.57,630.57,4389700,G
312.96,317.06,312.94,631.24,3745100,T
317.46,318.56,314.51,630.95,3702900,G
311.59,317.82,310.54,627.03,3970100,T
318.81,320.66,316.88,639.57,3808300,G
318.61,323.48,318.42,641.06,3578000,T
319.7,320.93,317.05,638.79,3978300,G
318.33,321.73,318.06,640.47,2654200,T
321.05,321.98,319.56,640.59,2148500,G
318.1,319.92,316.88,640.24,2879800,T
322.5,328.84,322.13,658.2,6560200,T
328.39,335.17,328.27,666.83,7350800,T
333.89,335.87,330.81,665.71,4839400,G
332.51,336.06,332.29,671.03,3448200,T
335.8,337.36,334.6,675.29,4371600,T
336.49,338.17,335.07,673.69,3529300,G
335.3,337.73,329.85,667.68,4461000,G
332.44,339.03,332.11,675.33,3832600,T
335.88,338.97,334.25,674.95,3581700,T
336.54,338.95,335.78,676.77,2863800,G
330.26,334.75,328.39,667.39,5246900,T
331.26,337.54,331.13,675.4,4132600,T
337.42,343.21,336.81,686.13,6002900,T
340.84,342.41,338.82,679.81,3265900,G
340.72,343,338.75,683.21,4270000,T
341,341.22,335.49,679.18,3793200,G
338.73,341.97,338.3,678.86,3429100,T
341.7,348.64,341.09,697.49,6109700,T
348.69,354.8,347.53,704.22,6490100,T
353.55,355.07,347.89,698.85,5139100,G
347.68,349.02,344.21,690.29,3761500,G
343.42,346.16,339.17,688.99,5304300,T
345.25,353.18,343.98,704.11,5337900,T
353.48,355.17,352.18,707.74,5256500,G
352.73,355.11,351.18,708.04,3027800,G
352.57,357.99,352.07,716.31,4149000,T
357.41,362.92,356.87,725.51,6219700,T
360.88,364.32,359.26,726.13,5836500,T
364.74,366.09,363.7,731.98,12765800,G
364.14,373.62,363.76,747.33,7154200,T
375.12,381.02,372.43,747.11,12162400,G
373.52,379.2,369.12,751.4,11388200,T
378.56,380,374.42,754.43,7891600,G
375.67,378.23,374.17,752.43,5587700,T
378.11,381.07,376.69,759.69,6359700,T
381.17,381.56,373.73,754.92,5601200,G
376.45,380.53,374.7,760.41,4433100,T
379.95,383.51,378.28,765.95,4926700,T
383.92,385.74,381.08,765.55,5492200,G
379.08,380.36,375.67,755.77,3931800,G
378.42,379.24,369.88,742.05,6028900,G
369.54,372.37,367.77,742.52,4095000,T
375.04,377.83,373.74,749.42,4785600,G
374.52,376.03,370.66,742.71,4826400,G
369.58,370.53,363.99,738.95,6060700,G
368.68,372.1,366.85,742.66,4131800,T
370.59,376.76,368.75,753.42,4602900,T
376.36,378.29,336.74,693.1,24977900,G
351.47,352.03,334.75,679.92,23050400,G
339.23,341.04,333.6,676.81,8141500,G
334.75,342.38,334.75,678.49,5855000,T
342.12,342.22,336.37,675.45,5011600,G
338.73,339.73,335.5,675.9,4820100,G
336.99,340.24,334.35,673.3,3916200,T
338.66,339.23,336.24,678.44,3085400,G
338.48,344.16,338.09,685.71,4115500,T
346.1,346.48,342.4,686.04,4666100,G
340.97,342.15,336.52,681.09,3283900,T
341.46,341.97,337.51,679.85,3177300,G
336.24,337.85,332,665.29,4481200,G
333.85,334.49,324.4,650.5,5213300,G
326.1,332.92,323.94,661.21,6251500,T
330.64,333.65,329.2,664.08,2822300,G
330.26,332.55,327.89,657.25,3200200,G
329.1,329.85,324.04,650.76,3349200,G
323.79,328.77,320.75,645.49,3711500,G
321.79,325.29,316.81,645.41,6902000,T
326.63,333.21,326.54,666.38,4754100,T
333.5,337.73,331.04,668.14,4192900,G
333.25,333.65,328.97,664.05,4240200,T
333.73,333.75,331.81,666.14,1851800,G
331.98,332.25,328.28,659.34,4425700,G
328.85,336.24,327.77,668.87,5036100,T
332.76,341.18,330.71,681.8,6106700,T
342.61,345.65,339.73,690,5573700,T
344.36,348.3,341.56,696.46,6350800,T
349.81,351.63,345.76,693.35,4401300,G
346.2,346.46,341.57,689.14,3998200,G
344.78,345.95,339.89,685.94,3738700,G
342.51,346.51,340.98,689.24,2935500,T
346.2,347.14,339.94,682.34,3852900,G
341.42,344.53,340.62,683.54,2743600,T
343.71,349.65,342.58,694.97,5395200,T
348.31,350.44,345.45,695.65,4870100,T
356.62,356.9,348.47,700.78,6915500,G
348.28,352.59,347.91,700.04,4276100,T
351.43,359.61,350.7,718.81,6093400,T
356.96,363.19,356.19,719.1,6032300,T
359.01,360.15,357,718.14,3851500,T
360.28,360.97,357.15,720.38,3326400,G
355.65,358.07,353.93,713.67,7078300,T
355.92,356.25,352.41,707.56,1688000,G
352.71,355.11,349.89,706.93,2373500,G
352.25,353.1,348,704.36,3307000,G
349.53,352.14,348.7,698.09,2814500,G
348.69,353.96,346.7,705.44,4009600,T
358.37,362.14,356.94,721.27,5101500,T
361.11,364.6,359.01,721.69,4653700,T
363.31,369.35,362.48,735.95,5547600,T
366.35,368.31,363.93,732.74,3323800,T
366.4,366.78,360.86,731.29,3364700,G
364.77,367.8,362.94,736.1,4064500,T
370.03,371.11,365.38,739.45,3685000,G
369.61,369.83,366.78,737.96,2579900,G
367.12,369.71,359.83,721.27,5749200,G
358.32,366.13,354.72,722.95,7884700,T
359.85,360.82,355.5,713.23,4061900,G
357.51,358.48,354.18,709.37,4439500,G
353.85,355.05,349.36,702.58,6477700,G
351.01,351.35,346.46,700.95,7613100,T
366.62,373.1,366.52,739.47,11862400,T
369.24,377,368.87,752.15,6790600,T
373.98,377.82,373.72,751.61,4468400,T
374.48,376.39,372.55,748.67,3266300,G
371.98,377.06,371.88,751.62,3507200,T
375.46,379.05,375.05,751.77,3478900,G
373.85,377.4,373.72,753.62,3280500,T
377.68,386.85,377.63,773.48,7520100,T
382.41,383.8,377.72,756.94,6103700,G
379.14,384.12,378.32,763.64,3755300,G
378.12,385.04,377.83,768.06,4171700,T
383.41,387.95,381.32,771.83,5701600,T
388.61,391.87,388.32,783.22,6062700,G
387.75,390.04,385.43,780.28,4351800,T
389.42,392.48,388.23,778.56,3731900,G
388.61,391.21,388.53,780.72,2405200,G
388.41,392.9,387.43,785.66,3483500,T
392.23,395.15,392.07,790.72,5480000,T
396.51,401.99,396.16,804.64,5885500,T
401.15,402.97,394.42,790.29,5549000,G
397.51,401.22,394.13,793.35,7039000,T
398.14,399.13,395.42,797.52,4123100,T
399.65,402.7,393.77,788.6,4625000,G
396.02,396.49,390.74,787.97,4421500,G
395.92,400.87,394.08,797.59,4067300,T
399.05,401.99,399.02,799.01,4548500,G
397.41,402.06,396.59,803.98,4367000,T
401.15,409.88,401,819.25,5571900,T
412.92,418.51,412.9,836.3,8118400,T
418.94,420.42,412.86,829.1,5767400,G
415.47,416.75,413.24,830.32,4120700,T
415.69,415.9,410.98,829.24,5845600,G
414.29,418.28,414.2,832.53,3201200,G
413.8,414.39,410.3,825.34,4031600,G
412.4,413.79,409.62,823.05,3294800,G
411.95,411.95,407.17,819.29,3314700,G
407.72,408.62,405.15,812.07,6222500,G
401,404.86,399.24,805.58,3690300,T
404.11,408.1,401.72,809.1,4212000,T
406.89,407.23,404.2,812.48,2938500,G
404.13,406.93,403.41,809.04,2966200,T
405.85,406.1,403.31,808.09,2987400,G
404.69,408.09,401.9,807.42,3436800,T
405.23,405.48,402.39,810.2,2392600,G
401.83,401.99,399.17,800.46,4342500,G
400.49,401.18,395.17,792.02,4592600,G
396.02,399.63,395.14,799,3628100,T
400.77,405.89,400.5,810.81,4098200,T
405.21,405.58,398.84,803.99,3489900,G
400.62,401.37,394.17,792.89,4913400,G
391.56,392.03,386.75,780.91,6893400,G
387.92,388.32,382.77,772.73,5685300,G
386.3,390.41,385.11,775.52,4330700,T
390,394.7,386.55,788.02,3971900,T
394.96,395.07,390.57,788.23,4072500,G
394.52,394.57,390,787.89,3285500,G
391.51,397.01,387.06,779.79,4924500,T
391.83,396.51,390.5,791.2,3496900,T
391.91,393.94,387.6,780.42,4089100,G
391.21,391.43,379.21,763.81,6669800,G
383.14,400.22,381.7,797.68,11649800,T
398.81,400.48,386.05,797.92,5788300,T
399,406.23,398.69,805.69,4601600,T
402.55,407.47,402.49,811.22,3671800,T
406.6,406.71,402.31,806.88,3999200,G
402.29,402.36,396.8,799.23,4993900,G
400.13,409.81,400,816.82,4618800,T
407.97,412.27,407.31,822.31,4630600,T
410.09,410.82,406.66,818.18,2920800,G
408.52,415.72,408,827.34,4051600,T
416.92,421.82,416.44,843.4,5044000,T
422.55,429.32,422.55,859.19,4298500,T
429.89,430.32,423.75,854.88,3932600,G
426.9,435.31,424.86,871.24,4955000,T
433.79,438.19,432.49,869.09,4417600,T
436.02,438.63,434.45,877.82,3809500,T
437.8,439.59,435.06,875.13,2907700,G
437.11,442.69,436.93,884.67,3170300,T
446.08,456.48,445.34,913.38,8001600,T
457.78,458.27,449.32,901.4,6443200,G
453.31,455.04,448.58,906.69,5604800,G
450.81,458.58,450.81,906.04,4562300,T
452.31,454.13,447.13,904.49,3980700,G
449.59,452.96,441.78,886.98,5140300,G
436.86,443.32,435.37,880.37,4567200,G
436,437.77,433.88,870.93,4610700,T
440.1,444.4,438.56,878.86,4531900,G
436.22,437.36,430.53,865.93,4041800,G
433.34,437.81,431.59,868.38,4257200,G
432.44,436.86,432.14,868.83,3953500,T
434.87,435.35,425.91,865.25,4969900,G
432.3,433.67,425.44,856.75,3751100,G
429.64,433.1,426.96,857.35,4229300,T
430.54,431.55,422.03,862.27,5177400,T
433.58,438.36,431.04,877.32,5369200,T
439.4,443.84,438.4,887.78,4693000,T
440.33,441.84,438.12,877.4,3528300,T
441.08,441.35,433.2,869.59,4426100,G
432.87,438.19,431.13,874.6,4155200,T
438.41,440.7,435.43,872.64,4506700,G
437.97,443.05,437.5,883.82,4308500,T
442.67,448.82,442.52,898.15,4350000,T
449,453.72,447.07,898.21,5853600,G
445.33,448.82,440.01,882.32,6769200,G
442.51,443.28,434.9,878.52,7994300,G
434.31,436.52,430.01,867.41,6056300,T
436.99,438.2,430.64,863.83,5125500,G
435.24,437.36,433.66,871.26,3676400,T
437.76,440.69,436.69,874.67,3867300,G
435.82,439.27,435.46,877.96,4716100,T
441.57,444.37,440.85,885.45,3462400,T
443.44,443.84,437,879.89,3797000,G
438.31,442.92,437.61,884,2101700,T
443.34,446.03,442.01,891.04,3416500,T
447.93,451.44,446.87,902.61,3953700,T
453.8,454.77,447.31,902.76,3973500,G
450.04,453.87,448.51,903.51,3429500,T
454.8,458.69,452.56,917.72,5187700,T
458.28,459.78,455.91,920.47,5155600,T
460.42,462.27,456.47,922.16,3935600,T
461.83,462.25,455.24,917.09,3980700,G
458.78,461.7,456.44,916.04,3023400,G
457.78,458.28,449.91,908.19,7296100,G
441.65,449.79,436.17,894.15,14773700,T
449.32,454.63,446.83,908.21,5828100,T
453.65,454.8,448.11,901.33,4106600,G
451.94,453.45,448.67,900.43,4172500,G
445.27,446.75,441.39,885.27,6024600,G
441.84,443.33,439.35,882.93,3568600,G
440.8,445.74,438.8,879.85,3797800,T
441.08,446.13,438.79,888.48,3524300,T
444.83,446.58,441.44,885.32,4363200,T
445.83,450.59,445.83,901.74,4292700,T
450.03,451.81,448.73,904.09,3440600,T
451,451.07,447.92,902.52,2629100,G
450.66,453.16,446.19,894.12,3023400,G
445.85,447.55,442.88,888.21,2768600,T
446.07,446.25,440.99,890.22,2987000,G
443.62,446.09,443.34,887.97,2657200,G
441.79,441.84,439.18,883.09,2764200,G
441.76,442.59,436.46,878.84,2850200,G
437.54,438.47,431.96,867.43,4179900,G
430.61,430.85,427.4,857.31,3752300,G
429.03,429.61,426.67,854.56,3362700,G
427.25,434.37,427.12,863.28,3635300,T
432.55,434.43,430.16,863.05,2475100,T
433.7,436.82,431.63,866.95,3527700,T
434.72,435.74,433.5,871.32,1746200,T
437.28,437.36,433.25,867.83,2162200,G
433.38,435.82,431.41,864.02,2112800,G
428.2,430.25,422.37,847.82,3481100,G
423.54,426.11,422.3,846.23,2669700,G
422.95,428.58,422.71,853.09,2968000,T
426.28,427.42,421.2,844.58,3737100,G
425.58,431.48,425.38,858.02,4110400,T
428.57,435.12,425.99,869.24,4097600,T
435.12,438.3,434.18,877.15,2592100,T
439.57,440.24,435.24,877.17,3134800,T
440.21,443.21,439.56,885.62,2478300,T
443.35,444.33,440.35,886.24,2584700,G
442.61,446.81,441.39,893.74,3233200,T
447.02,447.27,443.34,890.61,2199100,G
445.58,446.17,440.77,886.64,2660600,T
446.43,446.83,440.78,885.33,2682900,G
442.05,442.54,438.86,883.68,2528200,G
441.52,450.3,439.89,900.85,3883800,T
451.3,451.3,446.03,895.93,3207600,G
447.52,450.38,446.14,900.64,8723000,G
446.4,449.11,440.95,884.07,3568000,G
441.59,443.39,439.05,884.41,2984600,T
441.62,441.62,436.17,874.83,3310200,G
437.51,439.73,435.87,875.77,2529200,G
435.78,437.12,434.03,873.99,2527000,G
432.92,438.78,432.53,873.51,3457600,T
438.48,442.18,438.38,884.57,3382100,T
439.72,443.02,437.27,885.56,3001700,T
442.34,445.38,434.42,873.69,4249800,G
435.87,437.12,433.38,869.96,2726100,G
432.11,435.36,430.44,863.37,2596800,G
431.04,431.37,424.22,851.33,3901800,G
426.54,429.71,419.92,853.52,5322400,T
430.31,432.79,428.5,865.86,4527400,T
431.4,435.11,431.03,869.6,2828300,T
431.71,436.49,431.08,873.71,2496400,T
436.24,441.16,435.37,879.6,3195600,T
441.28,447.49,440.35,895.57,4030200,T
444.83,446.78,441.21,886.36,8545000,T
486.47,505.83,485.18,1008.64,23219400,T
503.84,507.6,497.91,1000.55,7283700,G
500.62,504.61,496.04,1004.24,4433700,G
498.63,515.44,498.45,1028.59,5346300,T
514.01,518.34,510.49,1022.74,4199700,G
512.49,512.49,503.48,1012.42,4076100,G
505.7,509.8,504.6,1012.22,2326000,T
507.65,516.53,504.86,1033.4,3222000,T
516.78,516.82,511.08,1027.6,2658000,G
512.54,518.82,510.07,1027.76,3292200,T
513.97,516.07,510.64,1024.23,2576100,G
513.82,514.26,509.11,1023.3,2286000,G
508.27,513.9,506.81,1018.72,2371500,T
510.89,511.58,505.79,1019.95,1832600,G
509.4,510.05,501.94,1005.19,3371700,G
502.49,507.35,502.37,1013.25,2591100,T
502.87,506.07,502.12,1007.82,2233500,G
501.97,506.88,500.62,1009.01,2445200,G
501.5,514.5,501.37,1029.64,3170500,T
515.03,517.93,513.25,1032.4,2342100,T
515.5,517.06,513.23,1030.73,2562100,T
515.94,522.41,512.7,1028.73,3532500,G
513.93,515.44,509.61,1022.39,2271600,G
513.05,514.75,508.27,1019.51,1934500,G
511.58,517.22,511.08,1031.24,2191700,T
514.78,516.15,512.69,1029.06,2517700,T
516.64,524.63,515.58,1043.07,3238000,T
522.34,528.77,519.52,1055.51,4589600,T
529.03,532.01,528.02,1060.2,2255500,T
529.1,531.32,527.75,1056.69,2394400,T
529.77,531.18,523.42,1051.59,2756600,G
523.51,529.73,522.55,1050.38,3364700,T
523.72,530,523.04,1055.28,2392000,T
526.63,527.85,523.58,1054.45,2275800,T
532.9,533,528.06,1066.94,2868200,T
533.5,539.13,532.02,1075.19,2976200,T
536.07,544.12,535.82,1081.69,3721600,T
541.67,543.62,535.58,1074.34,3436400,G
537.77,539.45,532.5,1067.03,3204800,G
535.69,536.14,526.97,1057.89,4340900,G
530.01,535.34,529.02,1070.04,3216000,T
534.41,538.36,532.2,1066.93,3082800,G
533.92,540.45,527.54,1081.78,4437100,T
538.37,543.96,537.53,1083.25,3343800,T
542.12,548.53,541.97,1097.61,6547600,T
551.85,555.82,550.5,1112.05,3456000,T
555.4,555.54,551.98,1108.8,1473800,G
554.92,557.41,552.27,1114.4,2685500,T
557.91,558.05,554.39,1115.34,3151100,T
558.08,558.16,552.44,1106.42,2481300,G
554.04,558.41,551.06,1117.64,2725900,T
555.65,556.79,552.06,1110.07,3656400,G
555.42,556.38,550.4,1101.97,3345800,G
554.43,557.34,551.15,1114.26,3551800,T
560.4,567.72,558.49,1135.74,5124300,T
570.86,571.52,564.53,1138.11,4501700,G
569.59,569.97,560.68,1127.15,4184500,G
567.41,567.41,559.03,1127.09,4302900,G
561.13,571.31,556.5,1119.91,4855800,T
566.85,573.35,561.94,1146.25,4983700,T
574.34,575.34,569.76,1145.48,3915000,G
572.4,576.8,571.86,1153.05,3380300,T
576.27,578.15,569.96,1147.38,5422800,T
578.3,579.83,573.5,1160.51,3974500,T
581.13,581.76,577.27,1161.83,3154500,G
577.83,579.07,575.03,1156.92,3912700,G
573.36,574.62,559.4,1120.75,7814000,G
560.95,561.15,539.11,1098.21,8739800,G
553.09,560.77,552.9,1119.94,4436900,T
557.47,558.78,547.66,1103.89,4777500,T
570.36,574.09,561.52,1132.28,10220800,T
583.49,591.05,573.42,1177.74,11174200,T
587.4,588.65,563.89,1130.33,9172400,G
566.87,575.34,566.38,1135.04,5644800,T
569.56,573.24,561.9,1140.07,4806800,T
573.42,577.91,571.63,1156.78,3907600,T
581.63,586.75,578.11,1174.22,5292000,T
583.71,588.99,582.33,1169.72,3904800,T
587.88,593.71,583.92,1186.92,4116900,T
592.28,592.78,588.48,1183.44,3461800,G
588.17,597.71,587.63,1196.61,3686400,T
595.57,599.95,594.17,1199.51,4389700,T
598.46,604.17,597.76,1207.56,4233500,T
600.4,602.35,596.51,1199.05,4222900,G
599.32,601.19,597.87,1200.81,3414300,T
601.65,602.68,599.17,1200.49,3738500,G
600.43,607.8,600.3,1209.19,3361100,T
605.7,609.96,602.95,1216.66,2888100,T
609.71,612.15,604.61,1216.83,3979100,G
606.92,609.83,606.23,1215.87,2529400,T
607.89,609.81,600.86,1212.32,4644500,G
601.12,601.66,593.84,1199.4,4225300,T
605.23,605.73,602.49,1211.58,2946300,T
605.26,609.26,603.44,1214.92,2479700,T
608.86,610.79,607.02,1216.27,2545600,T
611.11,611.2,603.46,1211.46,3041500,G
605.58,606.55,599.8,1208.25,2438200,G
604.62,604.89,596.09,1196.7,3438800,G
595.97,601.67,589.88,1203.99,3943200,T
601.72,602.99,590.17,1185.8,4708600,G
588.79,593.21,584.08,1169.59,4604900,G
587.42,596.3,586.86,1188.84,4340300,T
595.1,603.5,594.3,1207.94,3643500,T
603.64,603.73,594.97,1195.97,3237800,G
597.73,602.55,595.45,1193.88,3381900,T
600.9,602.56,589.02,1179.8,6441000,G
589.88,590.24,570.84,1154.76,6096800,G
580.82,582.74,571.36,1155.55,4838400,G
578.84,583.6,563.64,1128.87,5179200,G
566.44,566.44,551.41,556.93,13100,G
559.66,564.88,557.14,558.46,41200,T
565.34,565.45,555.41,555.45,10800,G
557.18,566.89,557.18,565.61,7900,T
598.35,603.17,560.65,565.45,147100,G
568.29,585.67,562.59,568.18,5099100,T
573.08,576.19,541.51,541.65,6369300,G
539.26,546.98,525.71,536.68,4401600,T
541.11,553.48,540.13,553.38,3151200,T
558.09,563.82,551.44,562.6,3330800,T
563.45,563.45,538.42,539.47,4036800,G
531.09,538.52,525.09,529.15,3924800,T
536.78,542.61,528.11,531.06,2575000,G
535.35,536.98,517.04,534.97,3855000,T
541.51,555.47,538.52,555.02,4893200,T
547.31,548,529.7,534.63,6809500,G
534.63,535.23,524.16,527.17,2566700,G
527.19,535.76,526.07,533.35,2365300,T
532.33,532.41,524.81,525.5,2052300,G
528.62,530.19,520.69,523.72,1883100,G
521.08,523.26,514.01,514.77,2100300,G
515.76,517.18,501.42,515.73,3335500,G
515.48,528.01,514.91,526.26,2699000,T
526.16,526.55,521.09,525.22,1751100,G
525.67,531.47,522.45,529.9,1905500,T
532.3,532.54,524.17,526.48,1688500,G
523.38,527.45,519.89,526.36,1024100,T
523.79,525.37,513.65,513.73,1689000,G
514.38,515.27,501.92,508.56,3224300,G
507.07,515.81,505.06,509.6,2021300,T
509.35,518.48,502.82,517.31,2439400,T
522.08,528.74,517.59,528.47,1912500,T
529.44,534.6,528.06,531.63,1653400,T
531.54,531.54,523.85,525.21,1191700,G
524.26,524.43,516,518.56,1704300,G
519.96,520.37,514.03,519.2,1485200,G
518.28,528.33,516.17,527.41,1277700,T
528.29,534.76,524.86,528.32,1784700,T
531.44,537.71,530.45,537.46,1196200,T
539.65,546.1,539.3,543.57,1615800,T
545.76,552.12,542.21,551.19,1932100,T
554.48,564.45,552.83,564.4,2104100,T
563.02,566.29,559.46,560.14,1652000,G
561.81,562.46,557.18,558.55,1354100,G
559.26,559.81,554.39,558.36,1771100,G
559.16,559.36,544.24,552.41,1435000,G
549.48,550.83,541.06,543.45,1866600,G
540.02,547.11,537.27,543.17,1816400,T
544.9,553.43,542.96,552.38,1689100,T
556.53,556.53,547.43,554.81,1736700,G
555.62,561.36,554.52,560.58,1467500,T
558.98,562.06,556.37,559.02,1351700,G
556.47,558.35,553.5,557.31,1100100,G
555.77,556.46,546.96,549.84,1458400,G
550.75,550.79,544.07,550.25,1220500,G
547.76,548.12,540.04,542.79,1702500,G
542.71,543.83,537.85,541.52,1444500,T
543.37,552.04,542.51,551.85,1741700,T
552.72,553.48,547.01,553.38,2456800,T
555.33,556.05,548.89,554.84,4508300,G
553.63,563.45,552.73,563.4,1536800,T
563.64,571.08,559.47,563.07,2207100,T
563.71,578.37,563.67,577.07,1969300,T
579.41,580.86,570.28,574.42,1741900,G
575.6,578.28,572.23,575.66,2236900,T
577.08,577.98,573.18,573.7,1313700,G
576.74,582.8,575.07,581.07,1447900,T
581.75,583.84,578.8,580.74,1056300,BT
581.75,583.41,579.33,583.13,714100,T
582.16,584.82,578,580.66,1064600,G
576.08,577.94,564.58,569.53,1909500,G
570.02,575.14,567.82,574.5,1116700,G
564.36,575.01,563.46,569.54,1356700,T
570.34,579.26,569.86,577.59,1621700,T
581,583.61,576.45,583.27,1854000,T
584.14,584.2,574.98,583.18,1623000,T
586.39,586.79,580.61,581.06,1397100,G
577.94,579.4,567.05,572.16,3016500,T
591.38,595.17,580.41,593.45,4014100,G
590.13,592.77,583.63,587.86,2062100,G
589.1,598.01,588.98,593.11,1699100,T
591.61,596.21,590.88,594.35,1233100,T
594.82,597.86,590.15,591.73,1035100,G
588.78,590.24,585.42,587.41,932400,G
586.46,590.88,583.15,588.98,986800,T
587.14,588.09,581.92,584.01,1349800,G
584.94,587.89,582.4,585.81,1016400,G
579.01,582.05,568.44,570.03,2102700,G
568.84,574.38,561.31,564.52,1955200,G
567.48,573.77,562.56,571.58,1427300,T
568.49,570.41,561.07,563.52,1551200,G
560.24,569.14,558.47,564.82,1334300,T
566.44,568.33,559.56,561.82,1110900,G
562.02,568.69,558.82,567.21,1494700,T
568.43,568.93,564.45,566.33,1214700,G
562.97,564.35,559.34,561.19,1542000,T
565.76,573.43,564.2,573.21,1439200,T
574.6,576.32,569.32,573.08,985400,T
576.28,577.79,568.96,571.91,1519100,G
574.53,582.91,574.42,580.57,1284100,T
583.4,585.73,582.4,585.25,978600,T
584.28,585.09,580.97,582.89,1036700,G
582.22,582.9,579.55,581.77,914800,G
581.99,583.63,579.05,580.96,789000,T
583.12,583.4,577.41,578.61,1361400,G
579.67,580.21,575,576.28,1639600,G
575.69,576.91,568.54,569.44,1703300,G
568,571.68,565.55,567.64,1292900,T
569.77,570.47,565.52,570.03,1083700,T
570.28,576.25,569.63,575.75,1578400,T
578.41,581.39,573.43,576.36,1215100,BT
578.41,584.4,577.63,580.39,1458100,T
582.38,584.94,580.36,584.48,1632300,T
584.99,590.15,584.69,588.11,1431000,T
587.29,587.39,578.41,579.42,1287200,G
579.91,581.9,575.36,581.5,977300,G
578.77,580.22,574.68,579.76,1221000,T
579.41,580.05,572.89,574.04,1601600,G
571.37,573.38,566.65,571.53,1597500,G
571.19,579.91,571.09,578.36,1480300,T
578.42,585.91,577.19,583.17,1692800,T
585.39,587.93,583.4,587.66,1444500,T
589.88,594.85,587.89,594.45,3736600,T
592.19,592.32,581.86,585.76,1689500,G
585.24,585.24,579.41,579.54,1471400,G
579.87,588.02,578.93,586.38,1728100,T
585.94,586.37,572.61,573.49,1925900,G
574.48,577.66,573.09,575.52,1443600,G
570.18,576.61,569.61,574.78,1282400,T
575.35,578.26,571.28,575.78,1621700,G
574.43,576,565.46,566.71,1445400,G
565.76,570.34,561.78,568.52,1178400,T
571.48,575.64,570.93,573.7,1141700,T
577.22,579.41,572.87,575.77,1214600,G
572.83,573.69,562.2,562.2,1911300,G
564.02,572.31,555.96,570.93,1990800,T
569.62,569.93,557.53,559.34,2524800,G
556.19,563.58,542.56,543,3081900,G
543.5,548,531.64,531.75,2581600,G
537.42,545.69,531.71,536.47,2222500,G
529.56,531.34,516.88,528.58,3719300,G
517.58,527.98,513.59,523.07,3708500,T
525.81,529.53,507.14,509.77,5539300,G
508.06,520.33,506.71,519.41,2607500,T
523.75,525.35,517.69,525.1,2336200,T
528.44,538.32,527.35,531.25,2919200,T
537.84,545.72,534.38,542.49,2348800,T
542.87,543.39,534.32,538.3,1973100,G
535.56,542.92,535.56,539.29,1185300,T
541.51,547.48,540.14,547.4,1270900,T
548.49,552.67,545.48,547.83,1770500,G
547.45,551.29,542.02,548.8,1455600,T
557.82,558.04,553.23,557.55,2035000,G
553.98,556.37,551.72,553.7,1382200,G
551.49,553.98,547.8,552.59,1244200,T
555.28,555.28,542.56,544.43,2032200,G
544.01,545.39,539.49,540.56,1333200,T
544.71,544.71,537.2,539.53,1633700,G
539.98,548.09,539.54,545.99,1134600,T
546.99,550.43,544.8,548.78,965500,T
548.88,548.95,543.68,545.81,1129600,G
548.29,548.29,541.99,543.89,1339300,G
545.18,545.18,540.67,542.91,1289500,G
542.09,542.3,532.6,535.04,1726000,G
536.03,540.46,532.71,533.57,1962600,G
533.54,536.77,528.63,535.52,1392200,G
529.8,533.64,529.63,533.37,1563300,T
540.13,540.66,535.09,536.03,2224200,G
536.18,541.21,534.15,537.79,1706300,T
537.52,542.49,537.13,539.6,1789900,T
539.4,540.07,535.57,538.89,1522900,G
539.14,540.52,535.13,540.35,1148300,G
537.42,539.93,530.4,532.34,2115300,G
532.05,534.03,528.35,532.29,1526600,G
529.98,534.53,527.81,529.87,1277900,G
529.71,535.87,527.14,535.84,1392100,G
529.55,531.43,522.84,523.82,2565600,G
525.69,529.55,522.36,525.54,2329300,G
520.71,532.73,519.07,531.91,1871300,T
531.62,534.86,524.12,524.62,1712200,G
526.35,532.46,525.66,526.89,1610800,G
522.08,527.05,517.24,517.24,1994500,G
521.31,521.67,511.86,512.39,2813400,G
510.16,511.65,487.66,494.03,3964200,G
495.64,505.61,495.45,503.51,2883100,T
511.55,512.46,503.32,509.7,2926700,G
510.11,516.3,505.52,514.94,3690200,T
514.67,525.02,514.67,523.43,2723700,T
525.56,533.1,524.85,529.14,2197600,T
529.06,530.3,525.58,527.32,705900,G
527.32,532.79,525.87,532.57,1040500,T
530.73,534.01,528.56,528.88,2278500,G
526.64,529.7,525.69,528.97,876200,T
529.8,531.14,524.36,524.96,1368200,G
527.56,529.82,522.67,523.37,1447500,G
521.83,522.89,511.66,512.46,2059800,G
513.59,514.76,499.68,500.59,2899900,G
505.61,505.86,498.28,499.73,2065000,G
496.63,502.1,489.66,501.3,3353500,T
503.38,503.54,493.44,494.81,2071300,G
493.58,494.62,486.23,491.2,2326700,T
497.47,501.6,491.04,494.82,2370400,G
493.3,501.85,491.65,499.5,2215500,T
504.19,504.3,496.4,500.42,2715800,G
498.64,506.8,498.63,506.69,2298200,T
509.6,511.1,504.63,505.51,2232000,G
505.86,517.86,504.81,516.62,2268700,T
520.05,534.86,518.28,532.93,2676900,T
534.12,540.69,531.54,538.47,2281700,T
537.06,537.52,528.22,533.74,1543700,G
528.52,529.25,516.77,517.21,1904000,G
521.35,521.56,508.6,508.6,1683800,G
509.6,509.69,499.83,509.26,4186300,T
514.45,538.39,514.11,533.06,5606300,T
530.27,531.54,517.13,527.03,2849800,G
526.55,531.94,521.83,527.79,2038600,T
527.79,531.21,519.84,521.33,1663600,G
522.36,527.05,520.66,526.14,1849700,T
526.2,535.73,524.97,529.55,1763500,T
526.55,530.54,524.58,526.38,1267700,T
527.85,536.23,525.48,535.47,1749800,T
533.83,536.98,531.92,534.5,1377700,T
535.78,543.33,533.21,541.44,1620200,T
541.86,548.4,541.64,547.51,1900300,T
545.33,548.49,539.61,541.35,1616800,G
539.92,544,536.04,538.22,1453000,G
536.57,541.62,536.54,541.38,989100,T
541.64,542.26,534.33,537.47,1444300,G
534.58,534.97,527.96,530.45,1457800,G
528.55,535.32,526.8,534.62,1005000,T
534.43,544.72,533.98,542.38,1825900,T
541.72,554.62,540.02,553.96,2311500,T
552.72,563.16,551.39,556.87,2410100,T
559,570.58,557.22,569.78,2129600,T
568.89,573.81,564.97,572.07,1704700,T
570.3,575.53,566.45,571.8,1876800,T
573.45,576.33,571.84,573.75,1389600,G
573.31,575.1,565.21,566.13,1659100,G
565.31,568.71,561.99,567.29,1062100,G
562.71,563.3,553.21,553.49,1792300,G
553.62,556.61,549.17,549.67,1820700,G
551.99,554.85,548.95,553.99,1389600,G
551.98,556.87,542.73,545.82,1703500,G
549.44,555.33,544.51,552.99,1640900,T
550.2,552.28,546.5,549.33,1805500,T
550.99,558.25,545.5,557.97,2134500,T
557.86,559.26,554.62,556.46,1197200,T
560.11,560.18,557.52,558.83,2616800,G
558.9,560.82,554.31,557.28,1643800,T
561.02,573.02,559.67,568.63,2583200,T
568.94,570.69,557.21,557.26,2152200,G
556.06,557.37,549.14,553.65,1572600,G
551.49,553.76,546.63,546.84,1897400,G
550.11,551.95,546.67,550.52,1287500,G
548.49,553.19,545.22,546.5,1588000,G
547.1,549.63,538.02,541.07,1963000,G
539.37,539.37,532.39,534.06,1716300,G
530.76,536.94,528.12,535.3,1324400,T
536.61,541.2,534.53,535.55,1302800,T
536.91,542.36,536.91,540.13,1178500,T
539.55,540.47,534.02,539.3,1557800,T
540.81,540.81,535.84,538.53,1409400,G
536.94,542.57,535.84,537.69,1645300,G
534.78,536.1,526.65,528.94,2604100,G
527.25,533.27,521.79,531.07,2318800,T
528.45,534.12,528.16,532.34,1299800,G
527.21,528.39,519.58,522.62,2151800,G
524.16,534.62,523.06,533.91,1679200,T
536.04,537.91,532.21,532.51,1844700,G
532.94,539.6,530.29,537.89,1593500,T
539.52,549.45,538.75,545.5,4184800,T
564.55,569.58,555.72,563.51,4932500,G
563.39,565.95,553.2,555.37,2398000,G
554.64,556.02,550.37,553.68,1491000,G
550.47,553.68,546.91,549.08,1698800,G
547.87,548.59,535.05,537.34,2082200,G
538.43,539.54,532.1,537.9,1768200,T
538.53,544.07,535.06,540.78,1308000,G
538.21,539.74,530.39,530.8,1383100,G
531.24,532.38,521.09,524.22,1567000,G
523.99,533.46,521.75,530.7,1546300,T
536.65,541.15,525,538.22,1527600,T
538.37,541.98,535.4,535.7,905300,G
531.6,533.21,525.26,529.04,1634200,G
530.56,534.32,528.66,529.62,1252300,T
533.77,539,532.41,538.4,1403900,T
539.18,539.27,530.38,533.85,1971300,G
532.01,534.82,528.85,532.3,2003400,T
533.98,540.66,533.04,537.36,1966900,T
538.49,542.92,532.97,539.27,1430800,G
537.95,543.84,535.98,542.51,1462700,T
540.15,544.19,539.51,540.11,1176200,G
538.12,539,529.88,532.32,2406500,G
532.8,540.55,531.71,539.79,1525000,T
538.01,540.61,536.25,539.78,1029800,G
537.37,538.63,531.45,532.11,2597400,G
536.79,536.79,529.76,533.99,1904300,G
532.93,543,531.33,539.18,1939000,T
539.91,543.5,537.11,540.31,1714500,G
537.76,540.59,534.32,536.7,1348300,G
536.35,537.2,532.52,533.33,1388200,G
533.31,534.12,526.24,526.83,1520600,G
527.56,529.2,523.01,526.69,1455300,T
529.36,538.36,529.35,536.69,1815000,T
538.42,538.98,533.02,534.61,1217500,G
531.6,533.12,530.16,532.33,955800,G
528,528.3,524,527.2,1632700,T
528.4,529.64,525.56,528.15,1071800,T
529.37,530.98,525.1,529.26,1294200,T
531,538.15,530.79,536.73,1833100,T
537.21,538.25,533.01,536.69,1893500,T
539.59,543.74,537.53,538.19,1250300,T
539.64,541.5,535.25,540.48,1197500,T
540,540,535.66,537.84,1286600,G
538.87,540.9,535.23,535.23,1335700,G
537.26,537.76,531.35,531.69,2109100,G
525.01,528.61,520.54,521.52,1937800,T
526.02,526.25,520.5,520.51,2217200,G
524.73,525.69,518.23,521.84,1961000,G
521.08,524.65,521.08,523.4,1235900,G
519.5,525.25,519,522.86,1280500,T
523.13,526.18,515.18,525.02,1597200,G
521.05,522.73,516.11,516.83,1296700,T
523.12,523.77,520.35,520.68,1839400,T
526.29,532.56,525.55,530.13,1956700,T
532.88,547.11,532.4,546.55,2206500,T
546.76,565.85,546.71,561.1,3244100,T
560.13,566.5,556.79,560.22,1784600,T
565.12,580.68,565,579.85,4768300,T
649,674.47,645,672.93,11164900,T
659.24,668.88,653.01,663.02,5860900,G
655.21,673,654.3,662.3,3377200,T
660.89,678.64,659,662.1,3929300,T
661.27,663.63,641,644.28,3029100,G
647,648.17,622.52,623.56,3625700,G
621,634.3,620.5,627.26,2675400,T
632.83,632.83,623.31,628,1727300,G
628.8,633.36,622.65,631.93,1575100,T
630,635.22,622.05,632.59,1474200,T
631.38,632.91,625.5,625.61,1706100,G
625.34,633.06,625.34,631.21,1304500,T
628.42,634.81,627.16,629.25,1490900,T
634.33,647.86,633.16,643.78,2334300,T
645,645.38,632.25,642.68,1572600,G
640.23,642.68,629.71,635.3,1403900,G
639.48,643.44,631.25,633.73,1809200,T
669.2,674.9,654.27,660.78,5029200,G
663.08,665,652.29,659.56,2936700,G
659.32,664.5,651.66,656.45,1810700,G
655.01,659.85,652.66,657.12,1072100,T
656.8,661.38,651.24,660.87,1051700,T
661.9,664,653.46,656.13,1456100,G
656.6,667,654.19,660.9,2131600,G
655.46,662.99,642.9,646.83,2855300,G
639.78,640.05,612.33,612.48,4265200,G
573,599.33,565.05,589.61,5770300,T
614.91,617.45,581.11,582.06,3538000,G
610.35,631.71,599.05,628.62,4235900,T
639.4,643.59,622,637.61,3491300,G
632.82,636.88,624.56,630.38,1978700,G
627.54,635.8,617.68,618.25,2176700,G
602.36,612.86,594.1,597.79,3702100,T
605.59,614.34,599.71,614.34,2575600,T
617,619.71,602.82,606.25,1759600,G
600,603.47,595.25,600.7,2089000,T
612.49,616.31,604.12,614.66,2279500,T
621.22,626.52,609.6,612.72,1702100,G
613.1,624.16,611.43,621.35,1905300,T
619.75,625.78,617.42,625.77,1373500,T
625.7,625.86,619.43,623.24,1702300,T
626.7,638.7,623.78,635.14,2084400,T
635.47,637.95,632.32,635.98,1286500,T
637.79,650.9,635.02,642.9,2274700,G
636.79,640,627.02,629.25,5133400,G
634.4,636.49,625.94,635.44,1788500,G
627,627.55,615.43,622.69,2562900,G
622.05,628.93,620,622.36,1470900,G
616.64,627.32,612.4,625.8,2240100,T
629.77,629.77,611,611.97,2174000,G
610.34,614.6,589.38,594.89,3127700,G
597.28,605,590.22,594.97,2309500,T
603.28,608.76,600.73,608.42,2413400,T
608.37,612.09,599.85,611.29,1867600,G
607.2,627.34,603.13,626.91,2684800,T
632,643.01,627,641.47,1803600,T
638.84,649.25,636.53,645.44,2166300,T
649.24,650.61,632.15,642.36,2092700,G
641.36,644.45,625.56,639.16,2182100,G
640,645.99,635.32,643.61,1648700,T
642.09,648.5,639.01,646.67,1275200,T
643.15,657.81,643.15,652.3,1807700,T
653.21,659.39,648.85,651.16,1415500,T
654.66,663.13,654.46,661.74,1885700,T
664.11,664.97,657.2,662.2,1611100,G
661.18,666.82,659.58,666.1,1477300,T
664.04,664.72,644.2,650.28,2490000,G
654.15,655.87,641.73,642.61,1791100,G
646.7,657.8,644.01,651.79,4071000,T
727.5,730,701.5,702,6653900,G
701.55,719.15,701.26,712.78,2716600,T
707.38,713.62,704.55,708.49,2245800,G
707.33,712.98,703.08,712.95,2178900,T
710.5,718.26,710.01,716.92,1456000,T
715.73,718,710.05,710.81,1908800,G
711.06,721.62,705.85,721.11,1886300,T
718.86,724.65,714.72,722.16,1565400,T
722,733.1,721.9,728.11,1706700,T
729.47,739.48,729.47,731.25,1861600,T
731.5,735.41,727.01,733.76,1511600,G
730.2,734.71,719.43,724.89,2069800,G
724.4,730.59,718.5,728.32,1608000,T
732.46,741,730.23,735.4,1366400,G
731,737.8,728.65,731.23,1837200,G
729.17,731.15,716.73,717,2075500,G
715.6,729.49,711.33,728.96,1905900,T
729.29,731.84,723.03,725.3,1510900,G
727.58,741.41,727,740,1684300,T
738.74,742,737.43,738.41,1327100,T
746.53,757.92,743,756.6,2212300,T
757.45,762.71,751.82,755.98,1414500,G
752,755.28,737.63,748.28,2333100,G
748.14,752,746.06,748.15,1122100,T
748.46,753.41,747.49,750.26,838500,T
748.81,754.93,741.27,742.6,2097600,G
747.11,768.95,746.7,767.04,2134600,T
768.9,775.96,758.96,762.38,2230400,G
766.01,768.99,745.63,752.54,2590600,G
753.1,768.49,750,766.81,2757300,T
767.77,768.73,755.09,763.25,1812300,G
757.89,764.8,754.2,762.37,1829500,T
759.17,764.23,737,751.61,2700000,G
752.85,755.85,743.83,749.46,1984900,G
741.16,745.71,736.75,738.87,2224400,T
741.79,748.73,724.17,747.77,2412500,T
753,758.08,743.01,743.4,2666200,G
750,760.59,739.43,758.09,1993300,T
762.42,762.68,749,749.43,1553400,G
746.51,754.13,738.15,739.31,3148700,G
746.13,750,740,747.77,1525700,T
751.65,754.85,745.53,750,1365400,T
753.47,754.21,744,750.31,1565900,G
749.55,751.35,746.62,748.4,527200,T
752.92,762.99,749.52,762.51,1515300,T
766.69,779.98,766.43,776.6,1765000,T
776.6,777.6,766.9,771,1293300,G
769.5,769.5,758.34,758.88,1489600,G
743,744.06,731.26,741.84,3272800,T
746.45,752,738.64,742.58,1950700,G
730,747.18,728.92,743.62,1947000,T
730.31,738.5,719.06,726.39,2963700,T
731.45,733.23,713,714.47,2450900,G
716.61,718.85,703.54,716.03,2090600,T
721.68,728.75,717.32,726.07,2024500,T
730.85,734.74,698.61,700.56,2501700,G
705.38,721.92,689.1,714.72,2225800,G
692.29,706.74,685.37,694.45,3592400,T
703.3,709.98,693.41,701.79,2268100,G
688.61,706.85,673.26,698.45,3445000,T
702.18,719.19,694.46,706.59,2412200,T
723.6,728.13,720.12,725.25,2011800,G
723.58,729.68,710.01,711.67,1711700,G
713.85,718.28,706.48,713.04,1331700,G
713.67,718.23,694.39,699.99,2194200,T
722.22,733.69,712.35,730.96,2676400,T
731.53,744.99,726.8,742.95,3474300,T
750.46,757.86,743.27,752,5139200,T
784.5,789.87,764.65,764.65,6348100,G
770.22,774.5,720.5,726.95,6171000,G
722.81,727,701.86,708.01,5168700,G
703.87,703.99,680.15,683.57,5105700,G
667.85,684.03,663.06,682.74,4247400,T
672.32,699.9,668.77,678.11,3608900,T
686.86,701.31,682.13,684.12,2638000,G
675,689.35,668.87,683.11,3024000,T
690.26,693.75,678.6,682.4,2141400,T
692.98,698,685.05,691,2520000,T
698.09,709.75,691.38,708.4,2492600,T
710,712.35,696.03,697.35,1883200,G
695.03,703.08,694.05,700.91,1589300,T
707.45,713.24,702.51,706.46,1949800,G
701.45,708.4,693.58,695.85,2009300,G
688.92,700,680.78,699.56,1963600,T
700.01,705.98,690.59,705.75,1642200,T
708.58,713.43,700.86,705.07,2243500,G
700.32,710.89,697.68,697.77,2481100,T
703.62,718.81,699.77,718.81,2151400,T
719,720,712,718.85,1629000,G
718.68,719.45,706.02,712.42,1958000,G
714.99,716.49,706.02,710.89,1972100,G
706.9,708.09,686.9,695.16,2985100,G
688.59,703.79,685.34,693.97,2076300,T
698.47,705.68,694,705.24,1421500,T
708.12,716.44,703.36,712.82,2833500,T
720,726.92,717.13,726.82,1970800,T
726.81,735.5,725.15,730.49,1718300,T
726.92,732.29,724.77,728.33,1721000,G
726.37,737.47,724.51,736.09,1624400,T
736.45,743.07,736,737.78,1860800,T
741.86,742,731.83,737.6,2980700,G
736.5,742.5,733.52,742.09,1836500,T
737.46,745,737.46,740.75,1269700,T
742.36,745.72,736.15,738.06,1432100,G
732.01,737.75,731,735.3,1594900,T
736.79,738.99,732.5,733.53,1301300,G
734.59,747.25,728.76,744.77,1903800,T
750.1,757.88,748.74,750.53,1782400,G
749.25,750.85,740.94,744.95,1718800,G
738.6,750.34,737,749.91,1576700,T
750.06,752.8,742.43,745.29,1134200,G
738,742.8,735.37,737.8,1132300,G
735.77,746.24,735.56,745.69,1053700,T
745.37,747,736.28,740.28,1453200,G
743.97,745.45,735.55,739.15,1290800,G
743.02,745,736.05,736.1,1220100,G
738,743.83,731.01,743.09,1353000,T
749.16,754.38,744.26,751.72,1707100,T
754.01,757.31,752.71,753.2,1135300,G
753.98,761,752.69,759,1809300,T
760.46,768.05,757.3,766.61,1556000,T
769.51,769.9,749.33,753.93,2030500,G
758,758.13,750.01,752.67,1529200,G
755.38,760.45,749.55,759.14,3060500,G
726.3,736.12,713.61,718.77,5951900,G
716.1,723.93,715.59,723.15,1959200,T
725.42,725.77,703.03,708.14,2744600,G
707.29,708.98,692.36,705.84,3098600,T
708.26,714.17,689.55,691.02,2867300,G
690.7,697.62,689,693.01,2487700,T
697.63,700.64,691,698.21,1645300,G
696.87,697.84,692,692.36,1543800,G
690.49,699.75,689.01,695.7,1693500,T
697.7,702.32,695.72,701.43,1683500,T
698.38,711.86,698.11,711.12,1826100,T
712,718.71,710,712.9,1510300,T
716.75,723.5,715.72,723.18,1569600,T
723.41,724.48,712.8,715.29,1692100,G
717.06,719.25,709,713.31,1360700,G
711.93,716.66,709.26,710.83,1314500,G
709.13,718.48,705.65,716.49,1317100,T
715.99,721.52,704.11,706.23,2001200,G
703.67,711.6,700.63,706.63,1766800,G
702.36,706,696.8,700.32,1670200,G
701.62,714.58,700.52,709.74,1828400,T
706.53,711.48,704.18,704.24,1330700,T
706.86,720.97,706.86,720.09,1929500,T
720.76,727.51,719.71,725.27,1629200,T
722.87,728.33,720.28,724.12,1576300,T
724.01,733.94,724,732.66,1974000,T
731.74,739.73,731.26,735.72,2129500,T
734.53,737.21,730.66,734.15,1253600,G
732.5,733.02,724.17,730.4,1341800,G
729.27,729.49,720.56,722.34,1226300,G
724.91,724.91,714.61,716.55,1565300,G
719.84,721.98,716.55,716.65,1336200,T
723.96,728.57,720.58,728.28,1583700,G
722.87,729.54,722.34,728.58,988900,G
719.47,725.89,716.43,719.41,1216400,G
716.51,725.44,716.51,718.36,1258900,G
716.48,722.47,713.12,718.27,1306100,T
719,722.98,717.31,718.92,1214500,G
714.91,716.65,703.26,710.36,1982500,G
708.65,708.82,688.45,691.72,3402400,G
698.77,702.48,693.41,693.71,2082500,G
698.4,702.77,692.01,695.94,1465600,T
699.06,700.86,693.08,697.46,1184300,G
697.45,701.95,687,701.87,2171400,G
675.17,689.4,673.45,675.22,4449000,G
671,672.3,663.28,668.26,2629000,T
678.97,680.33,673,680.04,2173800,T
683,687.43,681.41,684.11,1932600,T
685.47,692.32,683.65,692.1,1597700,T
692.2,700.65,692.13,699.21,1344700,T
696.06,696.94,688.88,694.95,1462600,G
689.98,701.68,689.09,697.77,1411900,T
698.08,698.2,688.22,695.36,1304200,T
699.5,705.71,696.43,705.63,1575200,T
708.05,716.51,707.24,715.09,1111800,T
719.12,722.94,715.91,720.64,1336900,T
723.62,724,716.85,716.98,935900,G
721.58,722.21,718.03,720.95,950200,T
725.73,725.74,719.05,719.85,1279300,G
722.71,736.13,721.19,733.78,1295500,T
729.89,736.99,729,736.96,1227500,T
737.33,742.13,737.1,741.19,1289700,T
740.36,741.69,735.83,738.63,1026300,T
741.86,743.24,736.56,742.74,1259800,G
740.67,742.61,737.5,739.77,1032400,G
739.04,741.69,734.27,738.42,1186700,G
738.28,744.46,737,741.77,1512500,T
747.04,748.65,739.3,745.91,3530200,T
772.71,778.55,766.77,768.79,3841500,G
761.09,780.43,761.09,772.88,2700500,T
768.69,775.84,767.85,771.07,1784500,G
767.18,773.21,766.82,773.18,1287400,T
772.22,774.07,768.79,771.61,1140300,T
773.78,783.04,772.34,782.22,1801200,T
782,782.63,778.09,781.76,1107900,G
781.1,788.94,780.57,784.26,1318900,T
783.75,786.81,782.78,784.68,786400,T
785,789.75,782.97,784.85,975100,G
781.5,783.4,780.4,783.22,740500,T
783.75,787.49,780.11,782.44,938200,G
780.3,780.98,773.44,777.14,1028000,G
777.32,780.81,773.53,779.91,924200,T
780.01,782.86,777,777.5,719400,G
775,777.1,773.13,775.42,861500,G
773.27,774.54,770.05,772.15,951400,T
775.48,776.44,771.78,772.08,928200,G
770.58,774.5,767.07,769.64,1072000,G
767,771.89,763.18,769.41,926900,T
769,776.08,765.85,769.54,1166700,G
768.74,774.99,766.61,772.15,847600,T
769.33,774.47,766.84,769.09,1130000,G
767.01,769.09,765.38,767.05,1248600,T
769.25,771.02,764.3,768.78,925100,T
773.01,773.92,768.41,771.46,1072700,T
773.45,782,771,780.08,1442800,T
780,782.73,776.2,780.35,893700,G
778.59,780.35,773.58,775.32,1270300,G
770.1,773.24,759.66,759.66,1885500,G
755.13,770.29,754,769.02,1311000,T
764.48,766.22,755.8,759.69,1395000,G
759.61,767.68,759.11,762.49,1087400,T
762.89,773.8,759.96,771.76,1305100,T
769.75,769.75,764.66,768.88,2049300,T
772.42,774,764.44,765.7,1172800,G
769,773.33,768.53,771.41,978600,T
772.66,777.16,768.3,776.22,1167800,T
780,789.85,778.44,787.21,1486200,T
786.59,788.93,784.15,786.9,1411900,G
782.74,782.74,773.07,774.21,1533200,G
775.5,785.99,774.31,783.01,1153200,T
777.85,781.81,774.97,781.56,1109800,T
781.44,785.8,774.23,775.01,1314700,G
776.33,780.94,774.09,777.29,1585300,G
774.25,776.07,769.5,772.56,1278800,T
776.03,778.71,772.89,776.43,1201400,T
779.31,782.07,775.65,776.47,1461200,G
779,780.48,775.54,776.86,1070700,T
779.66,779.66,770.75,775.08,933200,G
777.71,789.38,775.87,785.94,1174900,T
786.66,792.28,780.58,783.07,1372500,G
783.76,788.13,782.06,786.14,937400,G
781.22,781.22,773,778.19,1365300,T
781.65,783.95,776,778.53,852500,G
779.8,785.85,777.5,779.96,1093000,T
787.85,801.61,785.57,795.26,2056900,T
798.24,804.6,798.03,801.5,1766800,T
803.3,803.97,796.03,796.97,1757500,G
795,799.5,794,799.37,1266200,T
804.9,815.18,804.82,813.11,1697500,T
816.68,816.68,805.14,807.67,1576400,G
806.34,806.98,796.32,799.07,1647700,G
801,803.49,791.5,795.35,2749200,T
808.35,815.49,793.59,795.37,4269900,G
795.47,796.86,784,784.54,2427300,G
782.89,789.49,775.54,783.61,2406400,G
778.2,781.65,763.45,768.7,1872400,G
767.25,769.95,759.03,762.13,1943200,G
750.66,770.36,750.56,762.02,2134800,T
774.5,785.19,772.55,782.52,1585100,T
783.4,795.63,780.19,790.51,1366900,G
779.94,791.23,771.67,785.31,2607100,T
791.17,791.17,752.18,762.56,4745200,G
756.54,760.78,750.38,754.02,2431800,G
755.6,757.85,727.54,736.08,3654400,G
746.97,764.42,746.97,758.49,2384000,T
755.2,766.36,750.51,764.48,1472600,T
766.92,772.7,764.23,771.23,1304000,T
771.37,775,760,760.54,1547100,G
762.61,769.7,760.6,769.2,1330600,T
772.63,776.96,767,768.27,1593100,G
767.73,768.28,755.25,760.99,1478400,G
764.26,765,760.52,761.68,587400,G
760,779.53,759.8,768.24,2188200,T
771.53,778.5,768.24,770.84,1616600,G
770.07,772.99,754.83,758.04,2392900,G
757.44,759.85,737.03,747.92,3017900,G
744.59,754,743.1,750.5,1452500,T
757.71,763.9,752.9,762.52,1394200,T
764.73,768.83,757.34,759.11,1690700,G
761,771.36,755.8,771.19,1761000,T
772.48,778.18,767.23,776.42,1488100,T
780,789.43,779.02,789.29,1821900,T
785.04,791.25,784.35,789.27,2104100,T
793.9,804.38,793.34,796.1,2145200,T
797.4,804,794.01,797.07,1704200,G
797.34,803,792.92,797.85,1626500,T
800.4,800.86,790.29,790.8,2443800,G
790.22,797.66,786.27,794.2,1232100,T
796.76,798.65,793.27,796.42,951000,G
795.84,796.68,787.1,794.56,1211300,G
792.36,793.32,788.58,791.26,972200,G
790.9,792.74,787.28,789.91,623400,G
790.68,797.86,787.66,791.55,789100,T
793.7,794.23,783.2,785.05,1153800,G
783.33,785.93,778.92,782.79,744300,G
782.75,782.78,770.41,771.82,1770000,G
